time;s3;s5;s18
2017-06-12;0.0;;
2017-06-13;0.0;;
2017-06-14;0.0;;
2017-06-15;0.0;;
2017-06-16;0.0;;
2017-06-17;0.0;;
2017-06-18;0.0;;
2017-06-19;0.0;;
2017-06-20;0.0;;
2017-06-21;0.0;;
2017-06-22;0.0;;
2017-06-23;0.0;;
2017-06-24;0.0;;
2017-06-25;0.0;;
2017-06-26;0.0;;
2017-06-27;0.0;;
2017-06-28;0.0;;
2017-06-29;0.0;;
2017-06-30;;;
2017-07-01;;;
2017-07-02;;;
2017-07-03;;;
2017-07-04;;;
2017-07-05;;;
2017-07-06;;;
2017-07-07;;;
2017-07-08;;;
2017-07-09;;;
2017-07-10;;;
2017-07-11;;;
2017-07-12;;;
2017-07-13;;;
2017-07-14;;;
2017-07-15;;;
2017-07-16;;;
2017-07-17;;;
2017-07-18;;;
2017-07-19;;;
2017-07-20;;;
2017-07-21;;;
2017-07-22;;;
2017-07-23;;;
2017-07-24;;;
2017-07-25;;;
2017-07-26;;;
2017-07-27;;;
2017-07-28;;;
2017-07-29;;;
2017-07-30;;;
2017-07-31;;;
2017-08-01;;;
2017-08-02;;;
2017-08-03;0.0;;
2017-08-04;;;
2017-08-05;;;
2017-08-06;;;
2017-08-07;;;
2017-08-08;;;
2017-08-09;;;
2017-08-10;;;
2017-08-11;;;
2017-08-12;;;
2017-08-13;;;
2017-08-14;;;
2017-08-15;;;
2017-08-16;;;
2017-08-17;0.0;;
2017-08-18;0.0;;
2017-08-19;;;
2017-08-20;;;
2017-08-21;;;
2017-08-22;;;
2017-08-23;;;
2017-08-24;0.0;;
2017-08-25;0.0;;
2017-08-26;0.0;;
2017-08-27;0.0;;
2017-08-28;0.0;;
2017-08-29;0.0;;
2017-08-30;0.0;;
2017-08-31;0.0;;
2017-09-01;;;
2017-09-02;;;
2017-09-03;;;
2017-09-04;;;
2017-09-05;;;
2017-09-06;;;
2017-09-07;;;
2017-09-08;;;
2017-09-09;;;
2017-09-10;;;
2017-09-11;;;
2017-09-12;;;
2017-09-13;;0.0;0.0
2017-09-14;;0.0;0.0
2017-09-15;;0.0;0.0
2017-09-16;;;
2017-09-17;;;
2017-09-18;;;
2017-09-19;;;
2017-09-20;;;
2017-09-21;;;
2017-09-22;;;
2017-09-23;;;
2017-09-24;;;
2017-09-25;;;
2017-09-26;;;
2017-09-27;;;
2017-09-28;;;
2017-09-29;;;
2017-09-30;;;
2017-10-01;;;
2017-10-02;;;
2017-10-03;;;
2017-10-04;;;
2017-10-05;;;
2017-10-06;;;
2017-10-07;;;
2017-10-08;;;
2017-10-09;;;
2017-10-10;;;
2017-10-11;;;
2017-10-12;;;
2017-10-13;;;
2017-10-14;;;
2017-10-15;;;
2017-10-16;;;
2017-10-17;;;
2017-10-18;;;
2017-10-19;;;
2017-10-20;;;
2017-10-21;;;
2017-10-22;;;
2017-10-23;;;
2017-10-24;;;
2017-10-25;;;
2017-10-26;;;
2017-10-27;;;
2017-10-28;;;
2017-10-29;;;
2017-10-30;;;
2017-10-31;;;
2017-11-01;;;
2017-11-02;;;
2017-11-03;;;
2017-11-04;;;
2017-11-05;;;
2017-11-06;;;
2017-11-07;;;
2017-11-08;;;
2017-11-09;;;
2017-11-10;;;
2017-11-11;;;
2017-11-12;;;
2017-11-13;;;
2017-11-14;;;
2017-11-15;;;
2017-11-16;0.0;0.0;0.0
2017-11-17;0.0;0.0;0.0
2017-11-18;;;
2017-11-19;;;
2017-11-20;;;
2017-11-21;;;
2017-11-22;0.0;0.0;0.0
2017-11-23;0.0;0.0;0.0
2017-11-24;0.0;0.0;0.0
2017-11-25;0.0;0.0;0.0
2017-11-26;0.0;0.0;0.0
2017-11-27;0.0;0.0;0.0
2017-11-28;0.0;0.0;0.0
2017-11-29;0.0;0.0;0.0
2017-11-30;0.0;0.0;0.0
2017-12-01;0.0;0.0;0.0
2017-12-02;0.0;0.0;0.0
2017-12-03;0.0;0.0;0.0
2017-12-04;0.0;0.0;0.0
2017-12-05;0.0;0.0;0.0
2017-12-06;0.0;0.0;0.0
2017-12-07;0.0;0.0;0.0
2017-12-08;0.0;0.0;0.0
2017-12-09;0.0;0.0;0.0
2017-12-10;0.0;0.0;0.0
2017-12-11;0.0;0.0;0.0
2017-12-12;;;
2017-12-13;;;
2017-12-14;;;
2017-12-15;;;
2017-12-16;;;
2017-12-17;;;
2017-12-18;;;
2017-12-19;;;
2017-12-20;;;
2017-12-21;;;
2017-12-22;;;
2017-12-23;;;
2017-12-24;;;
2017-12-25;;;
2017-12-26;;;
2017-12-27;;;
2017-12-28;;;
2017-12-29;;;
2017-12-30;;;
2017-12-31;;;
2018-01-01;;;
2018-01-02;;;
2018-01-03;;;
2018-01-04;;;
2018-01-05;;;
2018-01-06;;;
2018-01-07;;;
2018-01-08;;;
2018-01-09;;;
2018-01-10;;;
2018-01-11;;;
2018-01-12;;;
2018-01-13;;;
2018-01-14;;;
2018-01-15;;;
2018-01-16;;;
2018-01-17;;;
2018-01-18;;;
2018-01-19;;;
2018-01-20;;;
2018-01-21;;;
2018-01-22;;;
2018-01-23;;;
2018-01-24;;;
2018-01-25;;;
2018-01-26;;;
2018-01-27;;;
2018-01-28;;;
2018-01-29;;;
2018-01-30;;;
2018-01-31;;;
2018-02-01;;;
2018-02-02;;;
2018-02-03;;;
2018-02-04;;;
2018-02-05;;;
2018-02-06;;;
2018-02-07;;;
2018-02-08;;;
2018-02-09;;;
2018-02-10;;;
2018-02-11;;;
2018-02-12;;;
2018-02-13;;;
2018-02-14;;;
2018-02-15;;;
2018-02-16;;;
2018-02-17;;;
2018-02-18;;;
2018-02-19;;;
2018-02-20;;;
2018-02-21;;;
2018-02-22;;;
2018-02-23;;;
2018-02-24;;;
2018-02-25;;;
2018-02-26;;;
2018-02-27;;;
2018-02-28;;;
2018-03-01;;;
2018-03-02;;;
2018-03-03;;;
2018-03-04;;;
2018-03-05;;;
2018-03-06;;;
2018-03-07;;;
2018-03-08;;;
2018-03-09;;;
2018-03-10;;;
2018-03-11;;;
2018-03-12;;;
2018-03-13;;;
2018-03-14;;;
2018-03-15;;;
2018-03-16;;;
2018-03-17;;;
2018-03-18;;;
2018-03-19;;;
2018-03-20;;;
2018-03-21;;;
2018-03-22;;;
2018-03-23;;;
2018-03-24;;;
2018-03-25;;;
2018-03-26;;;
2018-03-27;;;
2018-03-28;;;
2018-03-29;;;
2018-03-30;;;
2018-03-31;;;
2018-04-01;;;
2018-04-02;;;
2018-04-03;;;
2018-04-04;;;
2018-04-05;;;
2018-04-06;;;
2018-04-07;;;
2018-04-08;;;
2018-04-09;;;
2018-04-10;;;
2018-04-11;;;
2018-04-12;;;
2018-04-13;;;
2018-04-14;;;
2018-04-15;;;
2018-04-16;;;
2018-04-17;;;
2018-04-18;;;
2018-04-19;;;
2018-04-20;;;
2018-04-21;;;
2018-04-22;;;
2018-04-23;;;
2018-04-24;;;
2018-04-25;;;
2018-04-26;;;
2018-04-27;;;
2018-04-28;;;
2018-04-29;;;
2018-04-30;;;
2018-05-01;;;
2018-05-02;;;
2018-05-03;;;
2018-05-04;;;
2018-05-05;;;
2018-05-06;;;
2018-05-07;;;
2018-05-08;;;
2018-05-09;;;
2018-05-10;;;
2018-05-11;;;
2018-05-12;;;
2018-05-13;;;
2018-05-14;;;
2018-05-15;;;
2018-05-16;;;
2018-05-17;0.0;0.0;0.0
2018-05-18;0.0009836065573770492;0.0001639344262295082;0.0
2018-05-19;0.0;0.0;0.0
2018-05-20;0.0;0.0;0.0
2018-05-21;0.0;0.0;0.0
2018-05-22;;;
2018-05-23;0.0;0.0;0.0
2018-05-24;0.0;0.0;0.0
2018-05-25;0.16391304347826097;0.20628571428571413;0.1740000000000001
2018-05-26;0.2970833333333333;0.37000000000000016;0.3200000000000002
2018-05-27;0.29042253521126715;0.37000000000000016;0.3200000000000002
2018-05-28;0.2946478873239438;0.37000000000000016;0.3200000000000002
2018-05-29;0.2912676056338024;0.37000000000000016;0.3200000000000002
2018-05-30;0.2891666666666663;0.37000000000000016;0.3200000000000002
2018-05-31;0.28690140845070394;0.37000000000000016;0.3200000000000002
2018-06-01;0.28563380281690137;0.37000000000000016;0.31958333333333344
2018-06-02;0.28013888888888894;0.37000000000000016;0.3194520547945207
2018-06-03;0.28;0.37000000000000016;0.31616438356164367
2018-06-04;0.2335616438356163;0.37000000000000016;0.22905405405405432
2018-06-05;0.18479452054794507;0.37000000000000016;0.13000000000000006
2018-06-06;0.1899999999999999;0.37000000000000016;0.13000000000000006
2018-06-07;0.1899999999999999;0.37000000000000016;0.13000000000000006
2018-06-08;0.1899999999999999;0.37000000000000016;0.13000000000000006
2018-06-09;0.1899999999999999;0.37000000000000016;0.13000000000000006
2018-06-10;0.1899999999999999;0.37000000000000016;0.13000000000000006
2018-06-11;0.1899999999999999;0.37000000000000016;0.13000000000000006
2018-06-12;0.1899999999999999;0.37000000000000016;0.13000000000000003
2018-06-13;0.1895890410958903;0.37000000000000016;0.13000000000000006
2018-06-14;0.1899999999999999;0.37000000000000016;0.13000000000000006
2018-06-15;0.1899999999999999;0.37000000000000016;0.13000000000000006
2018-06-16;0.1899999999999999;0.37000000000000016;0.13000000000000006
2018-06-17;0.18971830985915483;0.37000000000000016;0.13000000000000006
2018-06-18;0.18985915492957736;0.37000000000000016;0.13000000000000006
2018-06-19;0.19845070422535185;0.37000000000000016;0.13000000000000006
2018-06-20;0.21685714285714305;0.37000000000000016;0.13000000000000003
2018-06-21;0.23714285714285738;0.37000000000000016;0.13194444444444445
2018-06-22;0.2457746478873241;0.37000000000000016;0.13863013698630133
2018-06-23;0.2939436619718307;0.3794520547945203;0.16444444444444448
2018-06-24;0.26042253521126746;0.3797260273972601;0.15750000000000014
2018-06-25;0.24671428571428566;0.376388888888889;0.15000000000000022
2018-06-26;0.23605633802816928;0.37315068493150705;0.15000000000000022
2018-06-27;0.22845070422535244;0.3708333333333336;0.15000000000000022
2018-06-28;0.22239436619718347;0.37000000000000016;0.15000000000000022
2018-06-29;0.2198571428571431;0.37000000000000016;0.14753424657534264
2018-06-30;0.21380281690140884;0.37000000000000016;0.14236111111111113
2018-07-01;0.21000000000000038;0.37000000000000016;0.1402777777777778
2018-07-02;0.20887323943661992;0.37000000000000016;0.14
2018-07-03;0.20057142857142832;0.37000000000000016;0.14000000000000004
2018-07-04;0.2200000000000003;0.3700000000000001;0.14044776119402985
2018-07-05;0.2192424242424245;0.3700000000000001;0.1401470588235294
2018-07-06;0.2114285714285718;0.3783333333333333;0.14
2018-07-07;0.21000000000000038;0.37819444444444433;0.14
2018-07-08;0.21000000000000038;0.37749999999999995;0.14
2018-07-09;0.21000000000000035;0.3758333333333333;0.14
2018-07-10;0.20529411764705863;0.37486111111111137;0.14
2018-07-11;0.19942028985507224;0.3711111111111112;0.14
2018-07-12;0.19714285714285698;0.370277777777778;0.14
2018-07-13;0.19028985507246368;0.37000000000000016;0.14
2018-07-14;0.18985507246376804;0.370277777777778;0.14
2018-07-15;0.18517241379310337;0.37;0.13982758620689645
2018-07-16;0.1805797101449274;0.37000000000000016;0.1393055555555556
2018-07-17;0.17685714285714277;0.3716666666666667;0.13914285714285718
2018-07-18;0.16913043478260867;0.3709722222222224;0.13971830985915495
2018-07-19;0.1656521739130435;0.3701408450704227;0.13845070422535213
2018-07-20;0.16411764705882356;0.37000000000000016;0.13436619718309867
2018-07-21;0.1600000000000001;0.3700000000000001;0.13557142857142854
2018-07-22;0.16347826086956527;0.3701388888888891;0.14
2018-07-23;0.16647058823529412;0.37000000000000016;0.13914285714285718
2018-07-24;0.1600000000000001;0.3700000000000001;0.13314285714285717
2018-07-25;0.15956521739130444;0.37000000000000016;0.13014084507042256
2018-07-26;0.15884057971014504;0.37000000000000016;0.13000000000000003
2018-07-27;0.15271428571428594;0.37000000000000016;0.13000000000000003
2018-07-28;0.14728571428571452;0.37000000000000016;0.13000000000000003
2018-07-29;0.14043478260869566;0.37000000000000016;0.1298591549295775
2018-07-30;0.14;0.37000000000000016;0.13000000000000003
2018-07-31;0.1401449275362319;0.37000000000000016;0.13000000000000003
2018-08-01;0.13911764705882354;0.3698611111111113;0.13000000000000003
2018-08-02;0.13123076923076923;0.3688235294117647;0.13
2018-08-03;0.1379999999999999;0.3707142857142854;0.14071428571428563
2018-08-04;0.17710144927536214;0.37999999999999984;0.15901408450704238
2018-08-05;0.176086956521739;0.3799999999999998;0.15000000000000022
2018-08-06;0.1737142857142856;0.3798591549295773;0.15000000000000022
2018-08-07;0.17169014084507034;0.37225352112676063;0.14985915492957766
2018-08-08;0.17199999999999993;0.3707042253521128;0.14366197183098592
2018-08-09;0.1755714285714284;0.3707042253521127;0.1426760563380282
2018-08-10;0.17971014492753606;0.37000000000000016;0.1414084507042254
2018-08-11;0.19314285714285695;0.37323943661971826;0.1488732394366199
2018-08-12;0.20928571428571446;0.37507246376811554;0.1547887323943663
2018-08-13;0.2509999999999998;0.3799999999999998;0.16541666666666668
2018-08-14;0.24086956521739142;0.37999999999999984;0.1600000000000001
2018-08-15;0.23140845070422564;0.37999999999999984;0.15971830985915503
2018-08-16;0.23500000000000018;0.3799999999999998;0.1525000000000002
2018-08-17;0.23957142857142877;0.3799999999999998;0.1504225352112678
2018-08-18;0.23000000000000032;0.37916666666666643;0.15014084507042275
2018-08-19;0.26671428571428546;0.3797183098591547;0.1622222222222222
2018-08-20;0.25757142857142845;0.3799999999999998;0.1600000000000001
2018-08-21;0.2501408450704225;0.3799999999999998;0.15366197183098615
2018-08-22;0.246111111111111;0.3799999999999998;0.15000000000000022
2018-08-23;0.24557142857142858;0.3799999999999998;0.15000000000000022
2018-08-24;0.24521126760563394;0.37999999999999984;0.15000000000000022
2018-08-25;0.2942857142857144;0.3799999999999998;0.15777777777777788
2018-08-26;0.2688732394366199;0.3799999999999998;0.1543661971830988
2018-08-27;0.28514285714285714;0.37999999999999984;0.15791666666666676
2018-08-28;0.26791666666666664;0.37999999999999984;0.15736111111111126
2018-08-29;0.26000000000000006;0.3799999999999998;0.15000000000000022
2018-08-30;0.2532857142857142;0.3799999999999998;0.15000000000000022
2018-08-31;0.24802816901408445;0.3799999999999998;0.15000000000000022
2018-09-01;0.24027777777777784;0.3798611111111109;0.15000000000000022
2018-09-02;0.24000000000000007;0.37263888888888913;0.15000000000000022
2018-09-03;0.2400000000000001;0.37125000000000014;0.1495833333333335
2018-09-04;0.23985915492957752;0.37071428571428583;0.14541666666666678
2018-09-05;0.23611111111111135;0.37000000000000016;0.1423611111111112
2018-09-06;0.2323943661971834;0.37000000000000016;0.1406944444444445
2018-09-07;0.23000000000000032;0.37000000000000016;0.14
2018-09-08;0.23000000000000032;0.37000000000000016;0.14000000000000004
2018-09-09;0.22859154929577497;0.37000000000000016;0.14
2018-09-10;0.22380281690140882;0.37000000000000016;0.14
2018-09-11;0.2285915492957749;0.37000000000000016;0.14
2018-09-12;0.2725352112676055;0.37000000000000016;0.14666666666666686
2018-09-13;0.2869014084507038;0.37000000000000016;0.15000000000000022
2018-09-14;0.2780281690140843;0.3701388888888891;0.15000000000000022
2018-09-15;0.27422535211267585;0.37000000000000016;0.15000000000000022
2018-09-16;0.3026760563380285;0.3713888888888889;0.15000000000000022
2018-09-17;0.2833333333333331;0.3752777777777779;0.15000000000000022
2018-09-18;0.26863013698630134;0.37666666666666665;0.15000000000000022
2018-09-19;0.26319444444444445;0.37458333333333343;0.15000000000000022
2018-09-20;0.2968055555555558;0.37624999999999975;0.15123287671232896
2018-09-21;0.2809859154929574;0.37915492957746466;0.15084507042253542
2018-09-22;0.30194444444444435;0.3789041095890408;0.15602739726027406
2018-09-23;0.29819444444444426;0.3799999999999998;0.1600000000000001
2018-09-24;0.2883333333333333;0.3799999999999998;0.15986301369863024
2018-09-25;0.27068493150684897;0.3799999999999998;0.15712328767123304
2018-09-26;0.28616438356164353;0.37000000000000016;0.1565753424657535
2018-09-27;0.300958904109589;0.37833333333333324;0.16999999999999996
2018-09-28;0.274189189189189;0.3745205479452057;0.16246575342465763
2018-09-29;0.26094594594594606;0.3705555555555558;0.1562162162162164
2018-09-30;0.26904109589041086;0.37013698630137;0.15040540540540562
2018-10-01;0.2795890410958904;0.37000000000000016;0.15315068493150702
2018-10-02;0.26594594594594606;0.37027397260273986;0.15027027027027048
2018-10-03;0.2600000000000001;0.37013698630137004;0.15000000000000022
2018-10-04;0.25351351351351337;0.37000000000000016;0.15000000000000022
2018-10-05;0.24000000000000002;0.37000000000000016;0.15000000000000022
2018-10-06;0.24000000000000002;0.37000000000000016;0.15000000000000022
2018-10-07;0.23337837837837871;0.37000000000000016;0.15000000000000022
2018-10-08;0.23000000000000026;0.37000000000000016;0.15000000000000022
2018-10-09;0.23851351351351355;0.37000000000000016;0.15000000000000022
2018-10-10;0.2397297297297298;0.37000000000000016;0.15000000000000022
2018-10-11;0.23013333333333363;0.37000000000000016;0.15000000000000022
2018-10-12;0.23945945945945968;0.37000000000000016;0.15000000000000022
2018-10-13;0.3265753424657533;0.37000000000000016;0.1532432432432434
2018-10-14;0.3306849315068493;0.37041095890410974;0.1600000000000001
2018-10-15;0.31301369863013684;0.37000000000000016;0.1600000000000001
2018-10-16;0.2880821917808219;0.37000000000000016;0.15729729729729744
2018-10-17;0.27445945945945943;0.37000000000000016;0.15040540540540562
2018-10-18;0.2779452054794518;0.37000000000000016;0.15000000000000022
2018-10-19;0.2656756756756758;0.37000000000000016;0.15000000000000022
2018-10-20;0.2600000000000001;0.37000000000000016;0.15000000000000022
2018-10-21;0.2600000000000001;0.37000000000000016;0.15000000000000022
2018-10-22;0.25824324324324316;0.37000000000000016;0.15000000000000022
2018-10-23;0.24129032258064534;0.37000000000000016;0.15000000000000022
2018-10-24;0.17383333333333342;0.37000000000000016;0.15000000000000022
2018-10-25;0.11567567567567569;0.37000000000000016;0.15000000000000022
2018-10-26;0.12540540540540548;0.37000000000000016;0.15000000000000022
2018-10-27;0.11093333333333331;0.37000000000000016;0.15000000000000022
2018-10-28;0.06662162162162155;0.37000000000000016;0.14418918918918924
2018-10-29;0.04933333333333328;0.37000000000000016;0.14000000000000004
2018-10-30;0.042898550724637684;0.3700000000000001;0.14
2018-10-31;0.04933333333333327;0.37000000000000016;0.14000000000000004
2018-11-01;0.059054054054054055;0.3700000000000001;0.14000000000000004
2018-11-02;0.06;0.37000000000000016;0.14000000000000004
2018-11-03;0.060000000000000005;0.37000000000000016;0.14000000000000004
2018-11-04;0.06;0.37000000000000016;0.14000000000000004
2018-11-05;0.06689189189189189;0.37000000000000016;0.14000000000000004
2018-11-06;0.07279999999999999;0.3700000000000001;0.14000000000000004
2018-11-07;0.08000000000000004;0.37000000000000016;0.14000000000000004
2018-11-08;0.08933333333333324;0.37000000000000016;0.14000000000000004
2018-11-09;0.10689189189189202;0.37000000000000016;0.14000000000000004
2018-11-10;0.12493333333333344;0.37000000000000016;0.14000000000000004
2018-11-11;0.13716216216216218;0.37000000000000016;0.14000000000000004
2018-11-12;0.15746666666666667;0.37000000000000016;0.14293333333333336
2018-11-13;0.24270270270270267;0.37000000000000016;0.15702702702702712
2018-11-14;0.24013513513513512;0.37000000000000016;0.1600000000000001
2018-11-15;0.24;0.37000000000000016;0.15853333333333347
2018-11-16;0.24270270270270272;0.37000000000000016;0.1567567567567569
2018-11-17;0.24;0.37000000000000016;0.15813333333333346
2018-11-18;0.23067567567567596;0.37000000000000016;0.1528000000000002
2018-11-19;0.09689189189189197;0.37000000000000016;0.15000000000000022
2018-11-20;0.06608108108108099;0.37000000000000016;0.15000000000000022
2018-11-21;0.05986301369863015;0.37000000000000016;0.14973333333333355
2018-11-22;0.05533333333333332;0.37000000000000016;0.14840000000000014
2018-11-23;0.049999999999999926;0.37000000000000016;0.14240000000000005
2018-11-24;0.049999999999999926;0.37000000000000016;0.14000000000000004
2018-11-25;0.049999999999999926;0.37000000000000016;0.14000000000000004
2018-11-26;0.049999999999999926;0.37000000000000016;0.14000000000000004
2018-11-27;0.049999999999999926;0.37000000000000016;0.14000000000000004
2018-11-28;0.049999999999999926;0.36135135135135105;0.14000000000000004
2018-11-29;0.049999999999999926;0.35999999999999965;0.14
2018-11-30;0.054933333333333334;0.35999999999999965;
2018-12-01;0.060000000000000005;0.35999999999999965;
2018-12-02;0.06013513513513514;0.35999999999999965;
2018-12-03;0.06;0.35999999999999965;
2018-12-04;0.060000000000000005;0.35999999999999965;
2018-12-05;0.06;0.35999999999999965;
2018-12-06;0.060000000000000005;0.35999999999999965;
2018-12-07;0.060000000000000005;0.35999999999999965;
2018-12-08;0.060000000000000005;0.35999999999999965;
2018-12-09;0.06;0.35999999999999965;
2018-12-10;0.06000000000000001;0.35999999999999965;
2018-12-11;0.06013333333333333;0.35999999999999965;
2018-12-12;0.060000000000000005;0.35999999999999965;
2018-12-13;0.06;0.35999999999999965;
2018-12-14;0.060000000000000005;0.35999999999999965;
2018-12-15;0.06;0.35999999999999965;
2018-12-16;0.060000000000000005;0.35999999999999965;
2018-12-17;0.060000000000000005;0.35999999999999965;
2018-12-18;0.060000000000000005;0.35999999999999965;
2018-12-19;0.06;0.35999999999999965;
2018-12-20;0.060000000000000005;0.35999999999999965;
2018-12-21;0.06;0.35999999999999965;
2018-12-22;0.060000000000000005;0.35999999999999965;
2018-12-23;0.06;0.35999999999999965;
2018-12-24;0.06;0.35999999999999965;
2018-12-25;0.060000000000000005;0.35999999999999965;
2018-12-26;0.06;0.35999999999999965;
2018-12-27;0.060000000000000005;0.35999999999999965;
2018-12-28;0.06;0.35999999999999965;
2018-12-29;0.060000000000000005;0.35999999999999965;
2018-12-30;0.060000000000000046;0.3599999999999997;
2018-12-31;0.06;0.35999999999999965;
2019-01-01;0.060000000000000005;0.35999999999999965;
2019-01-02;0.06;0.35999999999999965;
2019-01-03;0.060000000000000005;0.35999999999999965;
2019-01-04;0.06;0.35999999999999965;
2019-01-05;0.060000000000000005;0.35999999999999965;
2019-01-06;0.06;0.35999999999999965;
2019-01-07;0.06148648648648648;0.35999999999999965;
2019-01-08;0.06146666666666665;0.35999999999999965;
2019-01-09;0.0604054054054054;0.35999999999999965;
2019-01-10;0.06;0.35999999999999965;
2019-01-11;0.060000000000000005;0.35999999999999965;
2019-01-12;0.06027027027027027;0.35999999999999965;
2019-01-13;0.06013513513513514;0.35999999999999965;
2019-01-14;0.06000000000000003;0.3599999999999997;
2019-01-15;0.060000000000000005;0.35999999999999965;
2019-01-16;0.06;0.35999999999999965;
2019-01-17;0.060000000000000046;0.3599999999999997;
2019-01-18;0.06;0.35999999999999965;
2019-01-19;0.060000000000000046;0.3599999999999998;
2019-01-20;0.060000000000000046;0.3599999999999997;0.14000000000000007
2019-01-21;0.06;0.35999999999999965;0.14000000000000004
2019-01-22;0.060000000000000005;0.35999999999999965;0.14000000000000004
2019-01-23;0.060000000000000046;0.3599999999999997;0.13999999999999993
2019-01-24;0.06000000000000002;0.35999999999999965;0.14000000000000004
2019-01-25;0.060000000000000046;0.35999999999999976;0.1399999999999999
2019-01-26;0.060000000000000046;0.35999999999999976;0.1399999999999999
2019-01-27;0.06000000000000001;0.35999999999999965;0.14000000000000004
2019-01-28;0.06;0.35999999999999965;0.14000000000000004
2019-01-29;0.06;0.35999999999999965;0.14000000000000004
2019-01-30;0.06;0.35999999999999965;0.14000000000000004
2019-01-31;0.06000000000000001;0.35999999999999965;0.1401333333333334
2019-02-01;0.06;0.35999999999999965;0.1415789473684211
2019-02-02;0.06000000000000001;0.35999999999999965;0.1468000000000001
2019-02-03;0.06;0.3598648648648645;0.14986666666666687
2019-02-04;0.06;0.35986666666666633;0.15000000000000022
2019-02-05;0.060000000000000005;0.35864864864864837;0.15000000000000022
2019-02-06;0.06;0.35777777777777764;0.15000000000000022
2019-02-07;0.060000000000000005;0.3558666666666666;0.15000000000000022
2019-02-08;0.06;0.35405405405405427;0.15000000000000022
2019-02-09;0.060000000000000005;0.3521333333333337;0.15000000000000022
2019-02-10;0.060000000000000005;0.3505405405405409;0.15256756756756773
2019-02-11;0.06;0.35026666666666706;0.15855263157894747
2019-02-12;0.060000000000000005;0.35027027027027063;0.1600000000000001
2019-02-13;0.06;0.35026666666666706;0.1600000000000001
2019-02-14;0.060000000000000005;0.35013333333333374;0.1600000000000001
2019-02-15;0.06026666666666666;0.3500000000000004;0.1600000000000001
2019-02-16;0.06151515151515152;0.3500000000000003;0.1600000000000001
2019-02-17;0.06506666666666663;0.3500000000000004;0.1600000000000001
2019-02-18;0.06824324324324323;0.3500000000000004;0.1600000000000001
2019-02-19;0.0666666666666666;0.3500000000000004;0.1600000000000001
2019-02-20;0.060000000000000005;0.3500000000000004;0.1600000000000001
2019-02-21;0.06026666666666666;0.3500000000000004;0.1600000000000001
2019-02-22;0.06000000000000002;0.3500000000000004;0.1600000000000001
2019-02-23;0.060000000000000046;0.34999999999999976;0.16065217391304354
2019-02-24;0.06466666666666669;0.3500000000000004;0.1664
2019-02-25;0.07000000000000002;0.3500000000000004;0.16999999999999996
2019-02-26;0.07459459459459461;0.3500000000000004;0.16999999999999996
2019-02-27;0.07973333333333339;0.3500000000000004;0.16999999999999996
2019-02-28;0.08;0.35000000000000003;0.16999999999999998
2019-03-01;;;
2019-03-02;;;
2019-03-03;;;
2019-03-04;;;
2019-03-05;;;
2019-03-06;;;
2019-03-07;0.06000000000000002;0.35;0.16999999999999996
2019-03-08;0.06000000000000004;0.3499999999999998;0.16999999999999996
2019-03-09;0.060000000000000005;0.3500000000000004;0.17039999999999994
2019-03-10;0.060000000000000005;0.3500000000000004;0.17853333333333316
2019-03-11;0.060133333333333344;0.3500000000000004;0.17999999999999983
2019-03-12;0.060000000000000005;0.3500000000000004;0.18079999999999982
2019-03-13;0.06;0.3500000000000004;0.18759999999999985
2019-03-14;0.06013513513513514;0.3500000000000004;0.1899999999999999
2019-03-15;0.06013333333333333;0.3500000000000004;0.18999999999999986
2019-03-16;0.06016666666666671;0.3500000000000002;0.18999999999999997
2019-03-17;0.06173333333333334;0.3500000000000004;0.1899999999999999
2019-03-18;0.06364864864864864;0.3500000000000004;0.18999999999999986
2019-03-19;0.06472727272727273;0.35000000000000003;0.19000000000000003
2019-03-20;0.06824324324324327;0.3500000000000004;0.19039999999999987
2019-03-21;0.0688;0.3500000000000004;0.19439999999999982
2019-03-22;0.06965517241379306;0.35000000000000014;0.1993333333333332
2019-03-23;0.06986666666666669;0.3500000000000004;0.1999999999999997
2019-03-24;0.07000000000000002;0.3500000000000004;0.1999999999999997
2019-03-25;0.07000000000000002;0.3500000000000004;0.1999999999999997
2019-03-26;0.07000000000000002;0.3500000000000004;0.2022666666666667
2019-03-27;0.07000000000000002;0.3500000000000004;0.20906666666666707
2019-03-28;0.07000000000000002;0.3500000000000004;0.2100000000000004
2019-03-29;0.07000000000000002;0.3500000000000004;0.2100000000000004
2019-03-30;0.07000000000000002;0.3500000000000004;0.2100000000000004
2019-03-31;0.07000000000000002;0.3500000000000004;0.2100000000000004
2019-04-01;0.07000000000000002;0.3500000000000004;0.2100000000000004
2019-04-02;0.06999999999999998;0.35000000000000026;0.21000000000000033
2019-04-03;0.07026666666666669;0.3500000000000004;0.2100000000000004
2019-04-04;0.07164383561643838;0.3500000000000004;0.2100000000000004
2019-04-05;0.07275000000000001;0.34999999999999976;0.2109756097560976
2019-04-06;0.0702702702702703;0.3500000000000004;0.21400000000000033
2019-04-07;0.07014285714285715;0.35000000000000037;0.21400000000000036
2019-04-08;0.06999999999999997;0.34999999999999976;0.2106666666666668
2019-04-09;0.07000000000000002;0.3500000000000004;0.21039473684210566
2019-04-10;0.07000000000000002;0.3500000000000004;0.21013333333333373
2019-04-11;0.06999999999999999;0.3500000000000003;0.21000000000000035
2019-04-12;0.06999999999999997;0.3500000000000002;0.2100000000000003
2019-04-13;0.07046153846153845;0.3500000000000003;0.21000000000000035
2019-04-14;0.07871428571428576;0.35000000000000037;0.21000000000000038
2019-04-15;0.0874626865671641;0.3500000000000003;0.21000000000000035
2019-04-16;0.09153846153846143;0.35000000000000026;0.21000000000000035
2019-04-17;0.09999999999999988;0.3500000000000003;0.21000000000000035
2019-04-18;0.10406779661016959;0.35000000000000014;0.21000000000000027
2019-04-19;0.11000000000000013;0.3500000000000004;0.2100000000000004
2019-04-20;0.11040000000000011;0.3508000000000003;0.2100000000000004
2019-04-21;0.11864864864864866;0.35351351351351373;0.21360000000000032
2019-04-22;0.12216216216216232;0.3598648648648645;0.22840000000000027
2019-04-23;0.13269230769230755;0.3647999999999999;0.24365384615384617
2019-04-24;0.1683098591549294;0.37000000000000016;0.2595890410958905
2019-04-25;0.20824561403508796;0.372631578947368;0.26017543859649106
2019-04-26;0.22378787878787895;0.37803030303030266;0.2621212121212119
2019-04-27;0.23000000000000034;0.37973333333333315;0.26040000000000013
2019-04-28;0.23000000000000034;0.37256756756756787;0.2507894736842105
2019-04-29;0.2304000000000003;0.37000000000000016;0.2433783783783783
2019-04-30;0.23756756756756764;0.37000000000000016;0.24
2019-05-01;0.24000000000000002;0.37000000000000016;0.24
2019-05-02;0.24;0.37000000000000016;0.24
2019-05-03;0.24000000000000002;0.37000000000000005;0.23640000000000025
2019-05-04;0.24000000000000019;0.3699999999999998;0.23000000000000032
2019-05-05;0.24;0.36999999999999966;0.23000000000000034
2019-05-06;0.24000000000000002;0.37000000000000005;0.22565789473684236
2019-05-07;0.23554054054054072;0.3700000000000001;0.22013333333333354
2019-05-08;0.23360000000000022;0.36986301369863034;0.22000000000000022
2019-05-09;0.23364864864864882;0.3696000000000002;0.22000000000000022
2019-05-10;0.2389473684210528;0.3729090909090905;0.23101694915254237
2019-05-11;0.24;0.38555555555555554;0.25413333333333354
2019-05-12;0.24000000000000002;0.39999999999999997;0.2691999999999997
2019-05-13;0.24;;0.2870666666666667
2019-05-14;0.24000000000000005;;0.26539473684210546
2019-05-15;0.24000000000000002;;0.2581333333333335
2019-05-16;0.24000000000000019;;0.2561538461538461
2019-05-17;0.24000000000000016;;0.25971428571428556
2019-05-18;;;
2019-05-19;;;
2019-05-20;;;
2019-05-21;;;
2019-05-22;;;
2019-05-23;;;
2019-05-24;;;
2019-05-25;;;
2019-05-26;;;
2019-05-27;0.3030000000000001;;0.2322500000000002
2019-05-28;0.29547945205479426;0.3900000000000003;0.23959999999999998
2019-05-29;0.29891891891891925;0.39083333333333353;0.24506666666666685
2019-05-30;0.30671232876712334;0.41203389830508524;0.2694736842105259
2019-05-31;0.3032432432432436;0.41114285714285725;0.26635135135135113
2019-06-01;0.2912328767123284;0.4024999999999995;0.25621621621621615
2019-06-02;0.2801369863013699;0.39567567567567585;0.25
2019-06-03;0.2734246575342463;0.39000000000000035;0.24000000000000019
2019-06-04;0.2699999999999997;0.3900000000000004;0.2352000000000003
2019-06-05;0.26986111111111083;0.3900000000000004;0.23000000000000034
2019-06-06;0.2699999999999997;0.3898648648648652;0.23000000000000034
2019-06-07;0.2647887323943662;0.3900000000000004;0.22432432432432464
2019-06-08;0.2664062499999998;0.3897101449275366;0.22514705882352956
2019-06-09;0.27943661971830963;0.39013888888888926;0.24013888888888898
2019-06-10;0.27859154929577457;0.39013888888888926;0.24054794520547948
2019-06-11;0.27124999999999966;0.3900000000000004;0.23520547945205506
2019-06-12;0.2654166666666667;0.39000000000000035;0.22465753424657567
2019-06-13;0.26253521126760554;0.39000000000000035;0.22000000000000025
2019-06-14;0.2602816901408451;0.39000000000000035;0.22000000000000028
2019-06-15;0.26000000000000006;0.3900000000000004;0.22000000000000028
2019-06-16;0.2591549295774649;0.39000000000000035;0.2175342465753428
2019-06-17;0.2554929577464788;0.38986301369863047;0.2102739726027401
2019-06-18;0.2538028169014084;0.3881944444444446;0.21000000000000038
2019-06-19;0.2538028169014084;0.38680555555555574;0.21000000000000038
2019-06-20;0.25154929577464796;0.3891549295774651;0.21000000000000038
2019-06-21;0.2670422535211266;0.38986301369863047;0.21239436619718344
2019-06-22;0.2792957746478871;0.39000000000000035;0.22236111111111134
2019-06-23;0.29760563380281685;0.3923287671232876;0.24931506849315058
2019-06-24;0.2829999999999999;0.39042253521126796;0.24013888888888893
2019-06-25;0.2778571428571426;0.39000000000000035;0.23430555555555588
2019-06-26;0.2698591549295772;0.39000000000000035;0.22611111111111148
2019-06-27;0.2625714285714286;0.39000000000000035;0.22000000000000028
2019-06-28;0.26055555555555565;0.39000000000000035;0.22000000000000028
2019-06-29;0.26000000000000006;0.39000000000000035;0.21945205479452085
2019-06-30;0.26000000000000006;0.39000000000000035;0.21513888888888927
2019-07-01;0.2605633802816902;0.39000000000000035;0.2127397260273976
2019-07-02;0.26014084507042257;0.39000000000000035;0.22000000000000028
2019-07-03;0.26112676056338013;0.39000000000000035;0.21819444444444475
2019-07-04;0.2761971830985913;0.39000000000000035;0.2198630136986304
2019-07-05;0.27071428571428546;0.39000000000000035;0.22000000000000028
2019-07-06;0.2816901408450703;0.39000000000000035;0.22305555555555573
2019-07-07;0.27708333333333307;0.39000000000000035;0.22438356164383594
2019-07-08;0.26942857142857124;0.39000000000000035;0.22000000000000028
2019-07-09;0.26478873239436623;0.39000000000000035;0.22000000000000028
2019-07-10;0.26000000000000006;0.39000000000000035;0.21493150684931545
2019-07-11;0.26000000000000006;0.3879166666666669;0.21055555555555594
2019-07-12;0.2592957746478874;0.3851388888888889;0.21000000000000038
2019-07-13;0.25394366197183094;0.38328767123287666;0.21000000000000038
2019-07-14;0.2504225352112676;0.38055555555555537;0.21000000000000038
2019-07-15;0.25;0.3802777777777776;0.207638888888889
2019-07-16;0.25;0.3799999999999998;0.20249999999999987
2019-07-17;0.25;0.38684931506849335;0.2001369863013696
2019-07-18;0.24845070422535212;0.3875000000000002;0.19999999999999973
2019-07-19;0.25;0.38535211267605646;0.20492957746478918
2019-07-20;0.2491428571428571;0.3830555555555555;0.21000000000000038
2019-07-21;0.24940298507462688;0.38112676056338013;0.20888888888888918
2019-07-22;0.25;0.380972222222222;0.20957746478873274
2019-07-23;0.24623188405797106;0.3799999999999998;0.2031944444444442
2019-07-24;0.24202898550724652;0.3799999999999998;0.19999999999999973
2019-07-25;0.23420289855072496;0.3799999999999998;0.2004225352112674
2019-07-26;0.23000000000000032;0.37999999999999984;0.19999999999999973
2019-07-27;0.2279411764705886;0.3799999999999998;0.1998591549295772
2019-07-28;0.22171428571428597;0.3799999999999998;0.19805555555555535
2019-07-29;0.2204225352112679;0.3799999999999998;0.19535211267605615
2019-07-30;0.2197183098591552;0.3799999999999998;0.19249999999999987
2019-07-31;0.2137142857142861;0.3799999999999998;0.19083333333333324
2019-08-01;0.210422535211268;0.3799999999999998;0.1899999999999999
2019-08-02;0.20971830985915527;0.3799999999999998;0.1899999999999999
2019-08-03;0.20478873239436604;0.3799999999999998;0.1899999999999999
2019-08-04;0.2002816901408448;0.37986111111111087;0.1899999999999999
2019-08-05;0.19791666666666644;0.37986111111111087;0.1899999999999999
2019-08-06;0.194507042253521;0.37916666666666643;0.1899999999999999
2019-08-07;0.19183098591549283;0.3787499999999999;0.1899999999999999
2019-08-08;0.1912676056338027;0.3795833333333331;0.1899999999999999
2019-08-09;0.19014084507042245;0.37708333333333344;0.18972222222222213
2019-08-10;0.1899999999999999;0.375;0.1895890410958903
2019-08-11;0.1899999999999999;0.37408450704225366;0.18619718309859148
2019-08-12;0.18999999999999995;0.3710769230769232;0.1836923076923076
2019-08-13;0.19071428571428561;0.3702777777777779;0.18541666666666645
2019-08-14;0.20928571428571463;0.37253521126760564;0.19690140845070397
2019-08-15;0.22485714285714303;0.37374999999999997;0.19999999999999973
2019-08-16;0.23128571428571457;0.37347222222222226;0.1993055555555553
2019-08-17;0.25;0.37611111111111106;0.19999999999999973
2019-08-18;0.24114285714285724;0.3747887323943663;0.19999999999999973
2019-08-19;0.27757142857142875;0.37671428571428545;0.2083098591549299
2019-08-20;0.2814285714285712;0.3822535211267607;0.22500000000000017
2019-08-21;0.27514285714285697;0.38971830985915523;0.2304166666666669
2019-08-22;0.2636231884057971;0.38847222222222244;0.22055555555555584
2019-08-23;0.2598591549295775;0.38126760563380263;0.22000000000000025
2019-08-24;0.26014084507042257;0.3799999999999998;0.22000000000000028
2019-08-25;0.26666666666666655;0.3799999999999998;0.22000000000000028
2019-08-26;0.26859154929577445;0.3799999999999998;0.22000000000000028
2019-08-27;0.26114285714285723;0.3799999999999998;0.22000000000000028
2019-08-28;0.2542028985507246;0.3799999999999998;0.22000000000000025
2019-08-29;0.25;0.3799999999999998;0.21791666666666698
2019-08-30;0.2565714285714286;0.3799999999999998;0.21929577464788752
2019-08-31;0.26;0.3801388888888887;0.22633802816901444
2019-09-01;0.25299999999999995;0.3799999999999998;0.2201408450704228
2019-09-02;0.27217391304347827;0.38125;0.2274647887323945
2019-09-03;0.2873239436619717;0.3898591549295778;0.23805555555555577
2019-09-04;0.26714285714285707;0.38802816901408466;0.2263380281690145
2019-09-05;0.2674999999999998;0.38402777777777775;0.22138888888888913
2019-09-06;0.2780281690140842;0.3881690140845074;0.2298611111111114
2019-09-07;0.2649295774647888;0.38816901408450716;0.22239436619718342
2019-09-08;0.26000000000000006;0.3799999999999998;0.22000000000000028
2019-09-09;0.254225352112676;0.3799999999999998;0.22000000000000028
2019-09-10;0.2516901408450704;0.3799999999999998;0.2198611111111114
2019-09-11;0.24928571428571433;0.3799999999999998;0.21555555555555586
2019-09-12;0.2722535211267604;0.3799999999999998;0.2226388888888891
2019-09-13;0.2709859154929574;0.3801388888888887;0.22486111111111148
2019-09-14;0.26291666666666674;0.3799999999999998;0.22000000000000025
2019-09-15;0.25666666666666654;0.3799999999999998;0.22000000000000028
2019-09-16;0.2550684931506851;0.3799999999999998;0.21917808219178112
2019-09-17;0.2674999999999997;0.3801388888888887;0.22000000000000028
2019-09-18;0.26136986301369874;0.38180555555555545;0.22000000000000028
2019-09-19;0.2595890410958905;0.38166666666666654;0.21794520547945237
2019-09-20;0.25263888888888886;0.3801388888888887;0.21054054054054094
2019-09-21;0.25;0.3799999999999998;0.21000000000000038
2019-09-22;0.25;0.3799999999999998;0.21000000000000038
2019-09-23;0.2494520547945205;0.3799999999999998;0.2100000000000004
2019-09-24;0.2445945945945945;0.3799999999999998;0.20972602739726062
2019-09-25;0.24041095890410966;0.3799999999999998;0.20783783783783807
2019-09-26;0.24000000000000005;0.3799999999999998;0.20445945945945937
2019-09-27;0.24000000000000007;0.3799999999999998;0.20082191780821892
2019-09-28;0.24000000000000005;0.3799999999999998;0.19999999999999973
2019-09-29;0.2436111111111112;0.3799999999999998;0.19999999999999973
2019-09-30;0.27356164383561615;0.3805479452054793;0.21148648648648682
2019-10-01;0.30430555555555583;0.39000000000000035;0.24
2019-10-02;0.27648648648648627;0.39000000000000035;0.2322972972972976
2019-10-03;0.26094594594594606;0.39000000000000035;0.22418918918918954
2019-10-04;0.2600000000000001;0.39000000000000035;0.22000000000000025
2019-10-05;0.259864864864865;0.3873972602739726;0.21648648648648683
2019-10-06;0.25337837837837834;0.3805479452054793;0.2100000000000004
2019-10-07;0.25260273972602754;0.3799999999999998;0.21000000000000038
2019-10-08;0.2600000000000001;0.3799999999999998;0.2100000000000004
2019-10-09;0.2583783783783785;0.3799999999999998;0.21000000000000038
2019-10-10;0.25986301369863024;0.3799999999999998;0.2100000000000004
2019-10-11;0.2527397260273972;0.3799999999999998;0.21000000000000038
2019-10-12;0.25;0.3799999999999998;0.20986486486486525
2019-10-13;0.25;0.3799999999999998;0.20626666666666674
2019-10-14;0.25;0.3799999999999998;0.2010810810810809
2019-10-15;0.25;0.3799999999999998;0.20027027027027
2019-10-16;0.25;0.3799999999999998;0.19999999999999973
2019-10-17;0.25;0.3799999999999998;0.19999999999999973
2019-10-18;0.25;0.3799999999999998;0.19999999999999973
2019-10-19;0.25;0.3799999999999998;0.19999999999999973
2019-10-20;0.25;0.3799999999999998;0.19999999999999973
2019-10-21;0.2491891891891892;0.3799999999999998;0.1999999999999997
2019-10-22;0.24794520547945198;0.3799999999999998;0.19999999999999973
2019-10-23;0.24662162162162163;0.3799999999999998;0.1999999999999997
2019-10-24;0.24783783783783778;0.3799999999999998;0.19999999999999973
2019-10-25;0.24878378378378382;0.3799999999999998;0.19999999999999973
2019-10-26;0.2496969696969697;0.3799999999999999;0.19999999999999976
2019-10-27;0.25;0.3799999999999998;0.19999999999999973
2019-10-28;0.24932432432432422;0.3772972972972973;0.19999999999999973
2019-10-29;0.24000000000000005;0.3773972602739725;0.1999999999999997
2019-10-30;0.24000000000000002;0.37621621621621626;0.19999999999999973
2019-10-31;0.24000000000000002;0.3757534246575342;0.1999999999999997
2019-11-01;0.24000000000000002;0.3749999999999999;0.19999999999999973
2019-11-02;0.23905405405405417;0.37486486486486487;0.1999999999999997
2019-11-03;0.2377027027027028;0.37479452054794526;0.19999999999999973
2019-11-04;0.23432432432432457;0.3732432432432433;0.1999999999999997
2019-11-05;0.23148648648648676;0.37662162162162177;0.19999999999999973
2019-11-06;0.23040540540540572;0.3738356164383563;0.1999999999999997
2019-11-07;0.23013513513513545;0.37351351351351353;0.1999999999999997
2019-11-08;0.23013513513513545;0.37432432432432444;0.19999999999999973
2019-11-09;0.23000000000000032;0.37657534246575336;0.1999999999999997
2019-11-10;;0.37581081081081086;0.1999999999999997
2019-11-11;;0.37391891891891893;0.19999999999999973
2019-11-12;;0.3747297297297298;0.1998666666666664
2019-11-13;;0.3723943661971832;0.19986111111111085
2019-11-14;;0.3724657534246575;0.1998666666666664
2019-11-15;;0.37289855072463785;0.19985507246376788
2019-11-16;;0.37283783783783786;0.19879999999999975
2019-11-17;;0.37310810810810835;0.19813333333333308
2019-11-18;0.2300000000000003;0.37283783783783786;0.1977333333333331
2019-11-19;0.23000000000000034;0.3727777777777779;0.19567567567567545
2019-11-20;0.23000000000000034;0.3726388888888888;0.19626666666666645
2019-11-21;0.23000000000000034;0.37145454545454537;0.19799999999999976
2019-11-22;0.23000000000000034;0.3714634146341461;0.19586666666666647
2019-11-23;0.23000000000000034;0.3717021276595743;0.19702702702702685
2019-11-24;0.23000000000000034;0.3712765957446807;0.19786666666666644
2019-11-25;0.23000000000000034;0.3713513513513515;0.19733333333333308
2019-11-26;0.23000000000000032;0.3709459459459461;0.1981333333333331
2019-11-27;0.23000000000000034;0.3706756756756759;0.1973333333333331
2019-11-28;0.23000000000000034;0.3702702702702705;0.1972972972972971
2019-11-29;0.23000000000000032;0.37029411764705894;0.19632352941176454
2019-11-30;0.23000000000000034;0.37027027027027043;0.19666666666666643
2019-12-01;0.23000000000000034;0.37027027027027043;0.19613333333333313
2019-12-02;0.23000000000000034;0.37054054054054064;0.19432432432432414
2019-12-03;0.23000000000000034;0.37067567567567583;0.19546666666666648
2019-12-04;0.23000000000000034;0.3705479452054797;0.19546666666666646
2019-12-05;0.2310810810810813;0.3704109589041098;0.19893333333333307
2019-12-06;0.2349333333333335;0.37040540540540556;0.19959999999999975
2019-12-07;0.23399999999999999;0.3705405405405408;0.19945945945945923
2019-12-08;;0.37135135135135156;0.19959459459459436
2019-12-09;0.23000000000000023;0.37135135135135156;0.19906666666666642
2019-12-10;0.22256756756756785;0.3724324324324325;0.1929333333333332
2019-12-11;0.20945205479452061;0.3720270270270273;0.1899999999999999
2019-12-12;0.20413333333333367;0.37108108108108123;0.1899999999999999
2019-12-13;0.2100000000000004;0.37094594594594615;0.1899999999999999
2019-12-14;0.22000000000000025;0.37121621621621637;0.1899999999999999
2019-12-15;0.22918918918918949;0.37162162162162177;0.1899999999999999
2019-12-16;0.23027027027027056;0.3704000000000002;0.1899999999999999
2019-12-17;0.23864864864864865;0.3708219178082194;0.1899999999999999
2019-12-18;0.24000000000000005;0.37069444444444455;0.1899999999999999
2019-12-19;0.24000000000000002;0.3733783783783783;0.1899999999999999
2019-12-20;0.24000000000000007;0.3716216216216216;0.1899999999999999
2019-12-21;;0.3714864864864866;0.1899999999999999
2019-12-22;;0.37202702702702706;0.1899999999999999
2019-12-23;;0.3704255319148934;0.1899999999999999
2019-12-24;;0.37178082191780837;0.1899999999999999
2019-12-25;;0.37205479452054807;0.1899999999999999
2019-12-26;;0.37205479452054824;0.1899999999999999
2019-12-27;;0.37135135135135144;0.1899999999999999
2019-12-28;;0.3706849315068496;0.1899999999999999
2019-12-29;;0.3699999999999999;0.1899999999999999
2019-12-30;;0.3700000000000001;0.1899999999999999
2019-12-31;;0.37000000000000016;0.1899999999999999
2020-01-01;;0.37000000000000016;0.1899999999999999
2020-01-02;;0.37000000000000016;0.1899999999999999
2020-01-03;;0.37000000000000016;0.1899999999999999
2020-01-04;0.24;0.37000000000000016;0.1899999999999999
2020-01-05;0.24333333333333343;0.37000000000000016;0.1899999999999999
2020-01-06;0.24388888888888893;0.37000000000000016;0.1899999999999999
2020-01-07;0.24283783783783783;0.37000000000000016;0.1899999999999999
2020-01-08;0.2414864864864865;0.3700000000000001;0.18999999999999986
2020-01-09;0.24013513513513512;0.37000000000000016;0.1899999999999999
2020-01-10;0.24067567567567572;0.37000000000000016;0.1899999999999999
2020-01-11;0.24054054054054055;0.37000000000000016;0.1899999999999999
2020-01-12;0.24216216216216224;0.37000000000000016;0.1899999999999999
2020-01-13;0.24175675675675676;0.37000000000000016;0.1899999999999999
2020-01-14;0.24135135135135136;0.37000000000000016;0.1899999999999999
2020-01-15;0.2402702702702703;0.37000000000000016;0.1899999999999999
2020-01-16;0.24013513513513512;0.37000000000000016;0.1899999999999999
2020-01-17;0.24;0.37000000000000016;0.1899999999999999
2020-01-18;0.24000000000000002;0.37000000000000016;0.1899999999999999
2020-01-19;0.24000000000000002;0.37000000000000016;0.1899999999999999
2020-01-20;0.24000000000000002;0.37000000000000016;0.1899999999999999
2020-01-21;0.24000000000000005;0.37000000000000016;0.1899999999999999
2020-01-22;0.24000000000000013;0.37000000000000016;0.1899999999999999
2020-01-23;0.24000000000000019;0.37000000000000016;0.1899999999999999
2020-01-24;0.24000000000000016;0.37000000000000016;0.1899999999999999
2020-01-25;0.24;0.37000000000000016;0.1899999999999999
2020-01-26;;0.37000000000000016;0.1899999999999999
2020-01-27;;0.37000000000000016;0.1899999999999999
2020-01-28;;0.37000000000000016;0.1899999999999999
2020-01-29;;0.37000000000000016;0.1899999999999999
2020-01-30;;0.37000000000000016;0.1899999999999999
2020-01-31;;0.37000000000000016;0.1899999999999999
2020-02-01;;0.37000000000000016;0.1899999999999999
2020-02-02;;0.37000000000000016;0.1899999999999999
2020-02-03;;0.37;0.18999999999999997
2020-02-04;;0.37000000000000016;0.1899999999999999
2020-02-05;;0.37000000000000016;0.1899999999999999
2020-02-06;;0.37000000000000016;0.1899999999999999
2020-02-07;;0.37000000000000016;0.1899999999999999
2020-02-08;;0.37000000000000016;0.1899999999999999
2020-02-09;;0.37000000000000016;0.1899999999999999
2020-02-10;;0.37000000000000016;0.1899999999999999
2020-02-11;;0.37000000000000016;0.1899999999999999
2020-02-12;;0.37000000000000016;0.1899999999999999
2020-02-13;;0.37000000000000016;0.1899999999999999
2020-02-14;;0.37000000000000016;0.1899999999999999
2020-02-15;;0.37000000000000016;0.1899999999999999
2020-02-16;;0.37000000000000016;0.1899999999999999
2020-02-17;;0.3700000000000001;0.1899999999999999
2020-02-18;;0.37000000000000016;0.1899999999999999
2020-02-19;;0.3698666666666669;0.1899999999999999
2020-02-20;;0.37000000000000016;0.1899999999999999
2020-02-21;;0.36986486486486503;0.1899999999999999
2020-02-22;;0.37000000000000016;0.1899999999999999
2020-02-23;;0.3698648648648651;0.1899999999999999
2020-02-24;;0.37000000000000016;0.1899999999999999
2020-02-25;;0.37000000000000016;0.1899999999999999
2020-02-26;;0.37000000000000016;0.1899999999999999
2020-02-27;;0.37000000000000016;0.1899999999999999
2020-02-28;;0.37000000000000016;0.1899999999999999
2020-02-29;;0.37000000000000016;0.1899999999999999
2020-03-01;;0.37000000000000016;0.1899999999999999
2020-03-02;;0.37000000000000016;0.1899999999999999
2020-03-03;;0.37000000000000016;0.1899999999999999
2020-03-04;;0.37000000000000016;0.1899999999999999
2020-03-05;;0.37000000000000016;0.1899999999999999
2020-03-06;;0.37000000000000016;0.1899999999999999
2020-03-07;;0.37000000000000016;0.1899999999999999
2020-03-08;0.23;0.37000000000000016;0.1899999999999999
2020-03-09;0.23000000000000032;0.37000000000000016;0.1899999999999999
2020-03-10;0.23000000000000034;0.37000000000000016;0.1899999999999999
2020-03-11;0.23000000000000032;0.37000000000000016;0.1899999999999999
2020-03-12;0.23000000000000026;0.37000000000000016;0.18999999999999986
2020-03-13;0.23;0.36986486486486503;0.1899999999999999
2020-03-14;0.23;0.37000000000000016;0.1899999999999999
2020-03-15;;0.37000000000000016;0.1899999999999999
2020-03-16;;0.37000000000000016;0.1899999999999999
2020-03-17;;0.37000000000000016;0.1899999999999999
2020-03-18;;0.37000000000000016;0.1899999999999999
2020-03-19;;0.37000000000000016;0.1899999999999999
2020-03-20;;0.37000000000000016;0.1899999999999999
2020-03-21;;0.37000000000000016;0.1899999999999999
2020-03-22;;0.37000000000000016;0.1899999999999999
2020-03-23;;0.37000000000000016;0.1899999999999999
2020-03-24;;0.3698648648648651;0.1899999999999999
2020-03-25;;0.37000000000000016;0.1899999999999999
2020-03-26;;0.37000000000000016;0.1899999999999999
2020-03-27;;0.37000000000000016;0.1899999999999999
2020-03-28;;0.37000000000000016;0.1899999999999999
2020-03-29;;0.37000000000000016;0.1899999999999999
2020-03-30;;0.3698666666666669;0.1899999999999999
2020-03-31;;0.37000000000000016;0.1899999999999999
2020-04-01;;0.37000000000000016;0.1899999999999999
2020-04-02;;0.37000000000000016;0.1899999999999999
2020-04-03;;0.37000000000000016;0.18986842105263146
2020-04-04;;0.37000000000000016;0.1899999999999999
2020-04-05;;0.37000000000000016;0.1899999999999999
2020-04-06;0.23;0.37000000000000016;0.1899999999999999
2020-04-07;0.23000000000000018;0.37000000000000016;0.1899999999999999
2020-04-08;0.23000000000000034;0.3698648648648651;0.1899999999999999
2020-04-09;0.23000000000000034;0.37000000000000016;0.1899999999999999
2020-04-10;0.23000000000000032;0.3698648648648651;0.18986486486486476
2020-04-11;0.23000000000000012;0.37000000000000016;0.1899999999999999
2020-04-12;0.23;0.37000000000000016;0.1899999999999999
2020-04-13;0.23;0.37000000000000016;0.1899999999999999
2020-04-14;0.23000000000000023;0.36986666666666684;0.18986486486486476
2020-04-15;0.23000000000000023;0.37000000000000016;0.1899999999999999
2020-04-16;0.23000000000000018;0.37000000000000016;0.1899999999999999
2020-04-17;0.23000000000000007;0.37000000000000016;0.18986666666666654
2020-04-18;0.23;0.36986486486486503;0.1899999999999999
2020-04-19;0.23586206896551737;0.37000000000000016;0.1899999999999999
2020-04-20;0.24714285714285725;0.37000000000000016;0.18999999999999986
2020-04-21;0.25483333333333325;0.37000000000000016;0.19026666666666656
2020-04-22;0.25999999999999984;0.37000000000000016;0.19573333333333312
2020-04-23;0.258;0.37000000000000016;0.19266666666666651
2020-04-24;;0.37000000000000016;0.19079999999999986
2020-04-25;;0.37000000000000016;0.1899999999999999
2020-04-26;;0.37000000000000016;0.1899999999999999
2020-04-27;;0.37000000000000016;0.1901333333333332
2020-04-28;;0.37000000000000016;0.1901333333333332
2020-04-29;;0.37000000000000005;0.18999999999999995
2020-04-30;;0.37000000000000016;0.1899999999999999
2020-05-01;;0.37000000000000016;0.1899999999999999
2020-05-02;;0.37000000000000016;0.1899999999999999
2020-05-03;;0.37000000000000016;0.1901333333333332
2020-05-04;;0.37014084507042266;0.1924999999999998
2020-05-05;;0.37000000000000016;0.1999999999999997
2020-05-06;;0.37053333333333344;0.20560000000000037
2020-05-07;;0.37418918918918903;0.2100000000000004
2020-05-08;;0.37905405405405385;0.2100000000000004
2020-05-09;;0.3794666666666665;0.2100000000000004
2020-05-10;;0.3793650793650794;0.2100000000000004
2020-05-11;;0.3793333333333331;0.2100000000000004
2020-05-12;;0.3794444444444443;0.2100000000000004
2020-05-13;;0.379705882352941;0.2100000000000004
2020-05-14;;0.37972972972972957;0.2100000000000004
2020-05-15;;0.37864864864864844;0.2100000000000004
2020-05-16;;0.37837837837837823;0.2100000000000004
2020-05-17;;0.37891891891891877;0.20986842105263198
2020-05-18;;0.3790666666666665;0.2100000000000004
2020-05-19;;0.3795945945945944;0.2100000000000004
2020-05-20;;0.3799999999999998;0.21306666666666702
2020-05-21;;0.3799999999999998;0.2232000000000002
2020-05-22;0.38551724137931037;0.38229729729729744;0.23306666666666676
2020-05-23;0.3859722222222219;0.3965277777777776;0.24813333333333362
2020-05-24;0.384324324324324;0.4132876712328773;0.269733333333333
2020-05-25;0.3829729729729728;0.4179729729729738;0.28783783783783745
2020-05-26;0.38797297297297273;0.4193150684931515;0.32666666666666655
2020-05-27;0.39189189189189155;0.4193939393939401;0.42581081081081074
2020-05-28;0.3709459459459459;0.4186153846153853;0.3675
2020-05-29;0.3677027027027025;0.41746478873239506;0.3487671232876712
2020-05-30;0.3714666666666665;0.42000000000000076;0.33999999999999997
2020-05-31;0.3881081081081081;0.41972602739726106;
2020-06-01;0.3879729729729729;0.4198648648648657;
2020-06-02;0.4000000000000002;0.41985915492957826;
2020-06-03;0.3679729729729729;0.4191780821917816;
2020-06-04;0.3620270270270271;0.4186111111111118;
2020-06-05;0.34709677419354823;0.4167567567567573;0.3571666666666669
2020-06-06;0.3322535211267605;0.4134246575342469;0.3506756756756758
2020-06-07;0.3127142857142857;0.4123188405797106;0.3350684931506844
2020-06-08;0.2901428571428567;0.4019999999999995;0.3158904109589039
2020-06-09;0.28029411764705864;0.3937681159420293;0.3004285714285718
2020-06-10;0.26935483870967714;0.39000000000000035;0.2901538461538457
2020-06-11;0.26507042253521107;0.39000000000000035;0.2852054794520548
2020-06-12;0.2614084507042254;0.39000000000000035;0.2798630136986302
2020-06-13;0.25281690140845076;0.39000000000000035;0.2719178082191779
2020-06-14;0.24536231884057977;0.38986111111111144;0.2699999999999997
2020-06-15;0.2442253521126762;0.39000000000000035;0.2699999999999997
2020-06-16;0.24300000000000013;0.3875000000000002;0.2699999999999997
2020-06-17;0.24014084507042263;0.3838888888888888;0.2609722222222223
2020-06-18;0.23202898550724665;0.3850704225352117;0.2600000000000001
2020-06-19;0.2326760563380284;0.3881944444444447;0.26000000000000006
2020-06-20;0.2294366197183101;0.38647887323943664;0.25819444444444456
2020-06-21;0.22157142857142884;0.38333333333333325;0.2594444444444444
2020-06-22;0.2144285714285718;0.38042253521126745;0.25333333333333324
2020-06-23;0.21142857142857185;0.3799999999999998;0.25
2020-06-24;0.2069565217391306;0.3799999999999998;0.24985915492957744
2020-06-25;0.20514285714285707;0.3799999999999998;0.2476056338028169
2020-06-26;0.20028571428571407;0.3799999999999998;0.24056338028169022
2020-06-27;0.20098591549295758;0.37999999999999984;0.24000000000000007
2020-06-28;0.1939999999999999;0.3798591549295773;0.24000000000000007
2020-06-29;0.18928571428571406;0.3791044776119401;0.24197183098591574
2020-06-30;0.22915492957746483;0.4075384615384616;0.3474285714285715
2020-07-01;0.2643661971830983;0.4100000000000001;0.3302857142857138
2020-07-02;0.2568571428571429;0.4036231884057966;0.43140845070422573
2020-07-03;0.25014084507042256;0.39171428571428607;0.7100000000000006
2020-07-04;0.26100000000000007;0.3915714285714289;0.7100000000000006
2020-07-05;0.27661971830985893;0.40382352941176475;0.7100000000000006
2020-07-06;0.2561971830985915;0.39614285714285746;0.7100000000000006
2020-07-07;0.24217391304347838;0.39000000000000035;0.7100000000000006
2020-07-08;0.24100000000000016;0.39000000000000035;0.7100000000000006
2020-07-09;0.24275362318840601;0.39000000000000035;0.7100000000000006
2020-07-10;0.2708571428571425;0.3905882352941179;0.7100000000000006
2020-07-11;0.25242857142857145;0.39000000000000035;0.7100000000000006
2020-07-12;0.238857142857143;0.38955223880597045;0.7100000000000006
2020-07-13;0.23285714285714318;0.38061538461538447;0.7100000000000006
2020-07-14;0.2260869565217394;0.38000000000000006;0.7058823529411766
2020-07-15;0.22507246376811615;;
2020-07-16;0.221714285714286;;
2020-07-17;0.2172058823529415;;
2020-07-18;0.21573529411764739;;
2020-07-19;0.21710144927536265;;
2020-07-20;0.222769230769231;;
2020-07-21;0.22391304347826108;;
2020-07-22;0.2435294117647059;;
2020-07-23;0.25884057971014496;;
2020-07-24;0.25455882352941167;;
2020-07-25;0.25521739130434784;;
2020-07-26;0.24072463768115962;;
2020-07-27;0.23485294117647088;;
2020-07-28;0.2323529411764709;;
2020-07-29;0.23014492753623214;;
2020-07-30;0.2282352941176473;;
2020-07-31;0.22782608695652204;;
2020-08-01;0.22318840579710172;;
2020-08-02;0.22420289855072487;;
2020-08-03;0.2218840579710148;;
2020-08-04;0.21608695652173948;;
2020-08-05;0.21333333333333374;;
2020-08-06;0.21260869565217433;;
2020-08-07;0.20823529411764743;;
2020-08-08;0.2039130434782606;;
2020-08-09;0.20565217391304388;;
2020-08-10;0.21159420289855113;;
2020-08-11;0.20910000000000023;;
2020-08-12;0.20679710144927554;;
2020-08-13;0.20569565217391322;;
2020-08-14;0.20563235294117643;;
2020-08-15;0.20813043478260868;;
2020-08-16;0.2119428571428571;;
2020-08-17;0.20905797101449286;;
2020-08-18;0.2056714285714287;;
2020-08-19;0.20155072463768114;;
2020-08-20;0.20252857142857153;;
2020-08-21;0.20671014492753642;;
2020-08-22;0.4663382352941179;;
2020-08-23;0.7243823529411764;;
2020-08-24;0.7205942028985506;;
2020-08-25;0.7148714285714287;;
2020-08-26;0.7137391304347829;;
2020-08-27;0.7101142857142858;;
2020-08-28;0.7049295774647886;;
2020-08-29;0.7087142857142861;;
2020-08-30;0.7118550724637683;;
2020-08-31;0.7082142857142859;;
2020-09-01;0.7069285714285715;;
2020-09-02;0.7093142857142857;;
2020-09-03;0.709782608695652;;
2020-09-04;0.7137826086956522;;
2020-09-05;0.7163188405797107;;
2020-09-06;0.7144347826086956;;
2020-09-07;0.7075428571428571;;
2020-09-08;0.7086666666666666;;
2020-09-09;0.7077571428571434;;
2020-09-10;0.7030289855072465;;
2020-09-11;0.7005000000000001;;
2020-09-12;0.7026857142857142;;
2020-09-13;0.7035000000000005;;
2020-09-14;0.7048695652173912;;
2020-09-15;0.7044927536231885;;
2020-09-16;0.7032753623188405;;
2020-09-17;0.6999857142857149;;
2020-09-18;0.6991014492753627;;
2020-09-19;0.6958428571428577;;
2020-09-20;0.6948405797101446;;
2020-09-21;0.6956231884057972;;
2020-09-22;0.6953333333333332;;
